,State,City,City Population,State Population,State Area (sq. km),Forest Area(sq. km in state),Registered Vehicles in State,Framing Area (Th. Ha. in state),Farmers (in state),Factories (in state),Shipping Cargo Volume ( million metric tons in state),Temperature,Pressure,Humidity,Wind,Precipitation,Clouds,Sunshine,aqi,missing_aqi,capacity_coal,capacity_gas
1,andhra pradesh,anantapur,240442.0,53402000.0,162968.0,29784.0,13108491.0,35.13,16967754.0,0.0,175.18,296.57,990.04,60.61,3.27,0.01,29.93,166.0,76.92857142857143,0.0967741935483871,11275.0,7508.2
5,andhra pradesh,tirupati,250821.0,53402000.0,162968.0,29784.0,13108491.0,35.13,16967754.0,0.0,175.18,295.39,998.49,76.42,1.98,0.01,28.68,87.92,65.61290322580645,0.0,11275.0,7508.2
6,andhra pradesh,vijayawada,874587.0,53402000.0,162968.0,29784.0,13108491.0,35.13,16967754.0,0.0,175.18,296.89,1015.44,74.87,1.93,0.01,25.91,101.85,76.33333333333333,0.5161290322580645,11275.0,7508.2
7,andhra pradesh,visakhapatnam,1063178.0,53402000.0,162968.0,29784.0,13108491.0,35.13,16967754.0,0.0,175.18,296.65,1016.07,77.01,2.58,0.0,22.71,134.31,193.6071428571429,0.0967741935483871,11275.0,7508.2
10,assam,guwahati,899094.0,36159000.0,78438.0,28312.0,4358529.0,35.05,1845346.0,6425.0,0.0,290.22,1013.45,79.79,1.5,0.01,35.12,85.69,263.4516129032258,0.0,0.0,479.2
13,assam,silchar,152393.0,36159000.0,78438.0,28312.0,4358529.0,35.05,1845346.0,6425.0,0.0,289.7,1008.65,73.45,1.29,0.08,21.58,213.38,49.2962962962963,0.1290322580645161,0.0,479.2
16,bihar,arrah,223676.0,129205000.0,94163.0,7381.0,9903889.0,54.63,18345649.0,6345.0,0.0,288.05,1016.37,72.82,2.17,0.21,26.04,155.92,309.6296296296296,0.1290322580645161,10040.0,0.0
18,bihar,bettiah,127008.0,129205000.0,94163.0,7381.0,9903889.0,54.63,18345649.0,6345.0,0.0,288.7,1016.61,67.12,2.23,0.08,21.01,197.62,89.94736842105263,0.3870967741935484,10040.0,0.0
19,bihar,bhagalpur,361548.0,129205000.0,94163.0,7381.0,9903889.0,54.63,18345649.0,6345.0,0.0,289.06,1018.95,66.67,2.51,0.07,20.21,218.85,360.5,0.032258064516129,10040.0,0.0
24,bihar,gaya,423692.0,129205000.0,94163.0,7381.0,9903889.0,54.63,18345649.0,6345.0,0.0,288.41,1013.66,71.86,2.14,0.07,28.0,156.46,217.06451612903223,0.0,10040.0,0.0
25,bihar,hajipur,133606.0,129205000.0,94163.0,7381.0,9903889.0,54.63,18345649.0,6345.0,0.0,287.92,1016.5,81.16,1.9,0.15,31.71,120.0,200.96153846153845,0.1612903225806451,10040.0,0.0
26,bihar,katihar,192555.0,129205000.0,94163.0,7381.0,9903889.0,54.63,18345649.0,6345.0,0.0,289.85,1018.81,66.26,2.59,0.22,19.64,215.15,201.17857142857144,0.0967741935483871,10040.0,0.0
31,bihar,muzaffarpur,333200.0,129205000.0,94163.0,7381.0,9903889.0,54.63,18345649.0,6345.0,0.0,288.28,1016.9,71.95,2.31,0.82,26.76,153.62,249.48387096774192,0.0,10040.0,0.0
32,bihar,patna,1599920.0,129205000.0,94163.0,7381.0,9903889.0,54.63,18345649.0,6345.0,0.0,287.93,1017.06,81.31,1.89,0.16,32.26,118.62,283.7096774193548,0.0,10040.0,0.0
33,bihar,purnia,198453.0,129205000.0,94163.0,7381.0,9903889.0,54.63,18345649.0,6345.0,0.0,289.85,1019.54,66.77,2.58,0.21,19.9,215.77,222.6,0.032258064516129,10040.0,0.0
35,bihar,saharsa,145764.0,129205000.0,94163.0,7381.0,9903889.0,54.63,18345649.0,6345.0,0.0,289.15,1019.41,67.93,2.59,0.22,20.31,198.0,335.2413793103448,0.064516129032258,10040.0,0.0
38,bihar,siwan,119181.0,129205000.0,94163.0,7381.0,9903889.0,54.63,18345649.0,6345.0,0.0,288.56,1018.2,69.33,2.43,0.08,20.64,198.0,165.17857142857142,0.0967741935483871,10040.0,0.0
39,chandigarh,chandigarh,960787.0,1247000.0,114.0,22.88,1058857.0,12.74,1687.0,423.0,0.0,285.46,997.8,68.14,2.29,0.04,25.8,190.38,289.2258064516129,0.0,0.0,0.0
46,chhattisgarh,raipur,679995.0,30638000.0,135192.0,55717.0,6986219.0,32.5,5091882.0,5103.0,0.0,292.97,1004.17,61.2,1.84,0.01,15.77,199.0,99.80645161290325,0.0,17795.0,0.0
48,delhi,delhi,10927986.0,21884000.0,1483.0,195.0,11892877.0,13.31,39475.0,0.0,0.0,286.2,1015.52,80.63,2.32,0.01,29.83,136.46,354.83870967741933,0.0,0.0,2208.4
50,gujarat,ahmedabad,3719710.0,72653000.0,196244.0,14926.0,26836981.0,51.83,6839415.0,36727.0,553.92,292.6,1015.1,56.0,2.4,0.0,9.74,239.0,133.48387096774192,0.0,15592.0,7990.72
52,gujarat,gandhinagar,195985.0,72653000.0,196244.0,14926.0,26836981.0,51.83,6839415.0,36727.0,553.92,292.53,1015.03,56.12,2.37,0.0,10.69,224.15,106.3225806451613,0.0,15592.0,7990.72
54,gujarat,surat,2894504.0,72653000.0,196244.0,14926.0,26836981.0,51.83,6839415.0,36727.0,553.92,295.91,1018.0,66.37,3.55,0.0,8.41,251.85,69.09677419354838,0.0,15592.0,7990.72
57,haryana,ambala,146787.0,30694000.0,44212.0,1603.0,8599668.0,82.33,1528133.0,13780.0,0.0,285.51,999.13,68.01,2.48,0.04,25.36,193.62,113.10714285714286,0.0967741935483871,4065.0,430.0
58,haryana,bahadurgarh,153613.0,30694000.0,44212.0,1603.0,8599668.0,82.33,1528133.0,13780.0,0.0,286.24,1016.28,70.97,2.34,0.01,26.23,154.69,255.0,0.0,4065.0,430.0
60,haryana,bhiwani,190855.0,30694000.0,44212.0,1603.0,8599668.0,82.33,1528133.0,13780.0,0.0,286.63,1009.68,64.1,2.31,0.02,19.57,210.85,167.25806451612902,0.0,4065.0,430.0
63,haryana,faridabad,1220229.0,30694000.0,44212.0,1603.0,8599668.0,82.33,1528133.0,13780.0,0.0,286.28,1015.53,70.89,2.33,0.01,26.03,158.92,292.51612903225805,0.0,4065.0,430.0
66,haryana,hisar,296436.0,30694000.0,44212.0,1603.0,8599668.0,82.33,1528133.0,13780.0,0.0,286.86,1010.28,63.37,2.33,0.02,20.28,209.0,166.06896551724137,0.064516129032258,4065.0,430.0
67,haryana,jind,161260.0,30694000.0,44212.0,1603.0,8599668.0,82.33,1528133.0,13780.0,0.0,286.22,1010.43,69.85,2.4,0.02,21.37,204.23,158.96666666666667,0.032258064516129,4065.0,430.0
68,haryana,kaithal,140604.0,30694000.0,44212.0,1603.0,8599668.0,82.33,1528133.0,13780.0,0.0,285.59,1009.8,69.36,2.44,0.04,23.1,195.23,167.0,0.0967741935483871,4065.0,430.0
69,haryana,karnal,225049.0,30694000.0,44212.0,1603.0,8599668.0,82.33,1528133.0,13780.0,0.0,286.09,1008.94,71.91,2.62,0.02,22.44,203.31,128.10344827586206,0.064516129032258,4065.0,430.0
74,haryana,palwal,121965.0,30694000.0,44212.0,1603.0,8599668.0,82.33,1528133.0,13780.0,0.0,286.86,1013.7,70.86,2.45,0.01,22.44,179.15,113.28,0.1935483870967742,4065.0,430.0
75,haryana,panchkula,200000.0,30694000.0,44212.0,1603.0,8599668.0,82.33,1528133.0,13780.0,0.0,285.46,997.8,68.14,2.29,0.04,25.8,190.38,181.93103448275863,0.064516129032258,4065.0,430.0
76,haryana,panipat,292808.0,30694000.0,44212.0,1603.0,8599668.0,82.33,1528133.0,13780.0,0.0,286.12,1009.0,71.65,2.56,0.02,21.98,204.92,144.125,0.2258064516129032,4065.0,430.0
77,haryana,rohtak,317245.0,30694000.0,44212.0,1603.0,8599668.0,82.33,1528133.0,13780.0,0.0,286.36,1015.82,60.16,2.24,0.01,26.56,76.08,214.29032258064515,0.0,4065.0,430.0
78,haryana,sirsa,181639.0,30694000.0,44212.0,1603.0,8599668.0,82.33,1528133.0,13780.0,0.0,286.7,1011.17,61.95,2.16,0.01,20.4,206.62,113.6896551724138,0.064516129032258,4065.0,430.0
79,haryana,sonipat,250521.0,30694000.0,44212.0,1603.0,8599668.0,82.33,1528133.0,13780.0,0.0,286.49,1013.31,70.3,2.45,0.01,23.98,174.31,228.03225806451613,0.0,4065.0,430.0
80,haryana,yamunanagar,208931.0,30694000.0,44212.0,1603.0,8599668.0,82.33,1528133.0,13780.0,0.0,286.53,1014.47,57.17,2.49,0.02,29.53,72.54,146.1,0.032258064516129,4065.0,430.0
83,jharkhand,dhanbad,219636.0,40129000.0,79716.0,23721.0,5064983.0,12.86,4436052.0,6449.0,0.0,290.4,1006.76,58.06,2.33,0.02,17.45,217.15,168.1,0.032258064516129,6627.5,0.0
87,karnataka,belgaum,428720.0,68256000.0,191791.0,38730.0,26117614.0,58.59,7155963.0,0.0,42.47,295.09,985.89,58.18,2.18,0.01,24.37,159.77,67.13333333333334,0.032258064516129,7080.0,0.0
88,karnataka,bengaluru,5104047.0,68256000.0,191791.0,38730.0,26117614.0,58.59,7155963.0,0.0,42.47,294.62,1006.72,69.36,2.74,0.01,34.59,92.77,100.09677419354838,0.0,7080.0,0.0
89,karnataka,bidar,204071.0,68256000.0,191791.0,38730.0,26117614.0,58.59,7155963.0,0.0,42.47,295.09,985.65,53.1,2.82,0.01,19.5,212.0,130.77272727272728,0.2903225806451613,7080.0,0.0
95,karnataka,gadag,162569.0,68256000.0,191791.0,38730.0,26117614.0,58.59,7155963.0,0.0,42.47,295.72,983.73,55.43,3.21,0.01,22.42,171.77,59.111111111111114,0.1290322580645161,7080.0,0.0
96,karnataka,hassan,128531.0,68256000.0,191791.0,38730.0,26117614.0,58.59,7155963.0,0.0,42.47,293.95,964.6,62.78,2.71,0.09,36.09,143.31,80.6,0.3548387096774194,7080.0,0.0
101,karnataka,kolar,126441.0,68256000.0,191791.0,38730.0,26117614.0,58.59,7155963.0,0.0,42.47,294.44,996.79,71.17,2.89,0.03,38.24,89.0,84.53571428571429,0.0967741935483871,7080.0,0.0
104,karnataka,mangalore,417387.0,68256000.0,191791.0,38730.0,26117614.0,58.59,7155963.0,0.0,42.47,299.73,1013.34,73.14,2.44,0.01,27.49,124.92,76.78571428571429,0.0967741935483871,7080.0,0.0
106,karnataka,raichur,225962.0,68256000.0,191791.0,38730.0,26117614.0,58.59,7155963.0,0.0,42.47,296.89,997.73,57.78,3.04,0.01,25.9,182.0,112.1875,0.4838709677419355,7080.0,0.0
110,karnataka,udupi,165000.0,68256000.0,191791.0,38730.0,26117614.0,58.59,7155963.0,0.0,42.47,299.39,1009.92,71.58,2.47,0.01,28.82,127.54,47.26086956521739,0.2580645161290322,7080.0,0.0
117,kerala,kollam,394163.0,35967000.0,38852.0,21253.0,14184184.0,51.2,1322850.0,21464.0,35.37,300.39,1012.37,75.81,2.48,0.04,36.57,39.38,129.375,0.2258064516129032,0.0,516.5799999999999
119,kerala,thiruvananthapuram,784153.0,35967000.0,38852.0,21253.0,14184184.0,51.2,1322850.0,21464.0,35.37,301.06,1010.78,73.05,2.06,0.02,29.62,23.31,70.45161290322581,0.0,0.0,516.5799999999999
121,madhya pradesh,bhopal,1599914.0,87954000.0,308252.0,77493.0,17923162.0,51.53,12192267.0,6895.0,0.0,289.4,1000.42,62.59,2.31,0.01,16.27,209.92,170.90322580645162,0.0,15720.0,0.0
122,madhya pradesh,damoh,118776.0,87954000.0,308252.0,77493.0,17923162.0,51.53,12192267.0,6895.0,0.0,289.35,999.96,60.32,2.09,0.03,14.76,235.54,74.5,0.4193548387096774,15720.0,0.0
123,madhya pradesh,dewas,261218.0,87954000.0,308252.0,77493.0,17923162.0,51.53,12192267.0,6895.0,0.0,290.17,999.89,56.23,2.53,0.02,11.94,233.38,131.66666666666666,0.1290322580645161,15720.0,0.0
124,madhya pradesh,gwalior,882458.0,87954000.0,308252.0,77493.0,17923162.0,51.53,12192267.0,6895.0,0.0,287.79,1010.46,65.1,2.04,0.01,15.2,212.85,208.32258064516128,0.0,15720.0,0.0
125,madhya pradesh,indore,1837041.0,87954000.0,308252.0,77493.0,17923162.0,51.53,12192267.0,6895.0,0.0,290.37,995.97,59.66,2.48,0.01,12.41,222.15,126.0,0.0,15720.0,0.0
126,madhya pradesh,jabalpur,1030168.0,87954000.0,308252.0,77493.0,17923162.0,51.53,12192267.0,6895.0,0.0,289.62,1000.28,63.37,2.08,0.01,16.41,211.62,162.61290322580646,0.0,15720.0,0.0
131,madhya pradesh,ratlam,236843.0,87954000.0,308252.0,77493.0,17923162.0,51.53,12192267.0,6895.0,0.0,290.34,993.51,53.93,2.93,0.01,10.31,245.31,126.6774193548387,0.0,15720.0,0.0
133,madhya pradesh,satna,257778.0,87954000.0,308252.0,77493.0,17923162.0,51.53,12192267.0,6895.0,0.0,288.86,1001.83,64.1,1.93,0.04,17.66,206.69,70.16129032258064,0.0,15720.0,0.0
134,madhya pradesh,singrauli,185580.0,87954000.0,308252.0,77493.0,17923162.0,51.53,12192267.0,6895.0,0.0,288.74,1002.09,66.25,1.8,0.03,22.06,201.15,214.72413793103448,0.064516129032258,15720.0,0.0
135,madhya pradesh,ujjain,457346.0,87954000.0,308252.0,77493.0,17923162.0,51.53,12192267.0,6895.0,0.0,290.2,996.8,56.28,2.53,0.01,11.69,232.31,173.16129032258064,0.0,15720.0,0.0
136,maharashtra,akola,428857.0,127684000.0,307713.0,50798.0,37786256.0,53.62,13486140.0,0.0,218.73,294.15,999.19,49.56,2.28,0.01,14.59,234.92,135.19354838709677,0.0,16750.0,3460.0
137,maharashtra,amravati,603837.0,127684000.0,307713.0,50798.0,37786256.0,53.62,13486140.0,0.0,218.73,293.89,1002.11,52.3,2.31,0.02,14.86,230.0,142.16129032258064,0.0,16750.0,3460.0
140,maharashtra,bhiwandi,707035.0,127684000.0,307713.0,50798.0,37786256.0,53.62,13486140.0,0.0,218.73,297.54,1013.55,55.1,2.21,0.0,11.12,228.69,178.0909090909091,0.2903225806451613,16750.0,3460.0
144,maharashtra,jalgaon,429298.0,127684000.0,307713.0,50798.0,37786256.0,53.62,13486140.0,0.0,218.73,294.25,1006.53,49.3,2.35,0.01,11.6,249.85,114.76666666666668,0.032258064516129,16750.0,3460.0
145,maharashtra,jalna,262034.0,127684000.0,307713.0,50798.0,37786256.0,53.62,13486140.0,0.0,218.73,293.82,996.42,52.71,2.31,0.0,15.3,214.69,142.0,0.032258064516129,16750.0,3460.0
146,maharashtra,kalyan,1262255.0,127684000.0,307713.0,50798.0,37786256.0,53.62,13486140.0,0.0,218.73,297.29,1012.63,54.81,2.05,0.0,11.14,230.54,114.72413793103448,0.064516129032258,16750.0,3460.0
147,maharashtra,kolhapur,516142.0,127684000.0,307713.0,50798.0,37786256.0,53.62,13486140.0,0.0,218.73,294.76,984.05,59.57,2.2,0.0,19.56,188.54,133.29032258064515,0.0,16750.0,3460.0
148,maharashtra,latur,348967.0,127684000.0,307713.0,50798.0,37786256.0,53.62,13486140.0,0.0,218.73,294.82,984.97,50.87,2.69,0.01,18.25,209.92,120.22222222222224,0.1290322580645161,16750.0,3460.0
150,maharashtra,malegaon,435362.0,127684000.0,307713.0,50798.0,37786256.0,53.62,13486140.0,0.0,218.73,293.67,987.64,49.72,2.32,0.0,12.69,242.46,134.90322580645162,0.0,16750.0,3460.0
151,maharashtra,mumbai,12691836.0,127684000.0,307713.0,50798.0,37786256.0,53.62,13486140.0,0.0,218.73,298.4,1015.77,64.39,3.17,0.0,11.22,223.62,116.25806451612904,0.0,16750.0,3460.0
152,maharashtra,nagpur,2228018.0,127684000.0,307713.0,50798.0,37786256.0,53.62,13486140.0,0.0,218.73,293.77,1013.42,59.99,1.64,0.01,17.05,189.62,164.3548387096774,0.0,16750.0,3460.0
153,maharashtra,nanded,550564.0,127684000.0,307713.0,50798.0,37786256.0,53.62,13486140.0,0.0,218.73,293.77,1013.42,59.99,1.64,0.01,17.05,189.62,137.1851851851852,0.1290322580645161,16750.0,3460.0
154,maharashtra,nashik,1289497.0,127684000.0,307713.0,50798.0,37786256.0,53.62,13486140.0,0.0,218.73,292.83,981.66,52.38,2.2,0.0,12.67,237.69,117.4516129032258,0.0,16750.0,3460.0
156,maharashtra,parbhani,289629.0,127684000.0,307713.0,50798.0,37786256.0,53.62,13486140.0,0.0,218.73,295.11,996.23,50.86,2.39,0.0,16.4,220.77,123.74193548387096,0.0,16750.0,3460.0
157,maharashtra,pune,2935744.0,127684000.0,307713.0,50798.0,37786256.0,53.62,13486140.0,0.0,218.73,293.89,984.38,54.6,2.11,0.0,13.41,228.31,128.7741935483871,0.0,16750.0,3460.0
158,maharashtra,sangli,601214.0,127684000.0,307713.0,50798.0,37786256.0,53.62,13486140.0,0.0,218.73,295.11,983.74,56.52,2.56,0.0,19.46,188.15,139.9,0.032258064516129,16750.0,3460.0
159,maharashtra,solapur,997281.0,127684000.0,307713.0,50798.0,37786256.0,53.62,13486140.0,0.0,218.73,296.49,990.87,49.65,2.93,0.0,18.07,214.92,120.16129032258064,0.0,16750.0,3460.0
160,maharashtra,thane,1261517.0,127684000.0,307713.0,50798.0,37786256.0,53.62,13486140.0,0.0,218.73,297.86,1014.56,60.58,2.66,0.0,11.28,222.38,160.29032258064515,0.0,16750.0,3460.0
161,maharashtra,ulhasnagar,516584.0,127684000.0,307713.0,50798.0,37786256.0,53.62,13486140.0,0.0,218.73,297.36,1012.75,55.46,2.09,0.0,11.17,228.46,200.76666666666668,0.032258064516129,16750.0,3460.0
162,maharashtra,virar,150357.0,127684000.0,307713.0,50798.0,37786256.0,53.62,13486140.0,0.0,218.73,298.38,1016.13,64.16,3.45,0.0,10.66,234.31,128.06896551724137,0.064516129032258,16750.0,3460.0
163,manipur,imphal,223523.0,3260000.0,22327.0,16598.0,361970.0,18.37,114918.0,952.0,0.0,285.85,978.25,75.42,1.24,0.01,26.42,88.54,110.25806451612904,0.0,0.0,0.0
164,meghalaya,shillong,132842.0,3387000.0,22429.0,17046.0,365804.0,12.45,198364.0,293.0,0.0,286.27,984.09,76.99,1.17,0.02,33.25,93.15,72.41935483870968,0.0,0.0,0.0
165,mizoram,aizawl,265331.0,1252000.0,21081.0,17820.0,267350.0,7.1,41787.0,4.0,0.0,287.16,990.53,76.78,1.06,0.02,24.4,165.31,43.27586206896552,0.064516129032258,0.0,0.0
182,puducherry,puducherry,227411.0,1695000.0,490.0,53.3,1118782.0,33.81,68391.0,2139.0,4.07,298.47,1017.89,82.61,4.3,0.03,39.96,89.92,75.62068965517241,0.064516129032258,0.0,32.5
183,punjab,amritsar,1092450.0,30992000.0,50362.0,1847.0,11336366.0,81.7,1588455.0,0.0,0.0,284.29,1014.52,73.93,1.92,0.02,36.75,132.38,147.38709677419354,0.0,3320.0,0.0
184,punjab,bathinda,242800.0,30992000.0,50362.0,1847.0,11336366.0,81.7,1588455.0,0.0,0.0,286.38,1011.5,63.9,2.19,0.03,22.57,193.85,100.10344827586206,0.064516129032258,3320.0,0.0
185,punjab,jalandhar,785178.0,30992000.0,50362.0,1847.0,11336366.0,81.7,1588455.0,0.0,0.0,284.91,1008.78,71.71,2.19,0.03,28.46,179.85,143.48275862068965,0.064516129032258,3320.0,0.0
186,punjab,khanna,117137.0,30992000.0,50362.0,1847.0,11336366.0,81.7,1588455.0,0.0,0.0,285.2,1008.33,68.71,2.63,0.04,25.74,185.54,116.13333333333334,0.032258064516129,3320.0,0.0
187,punjab,ludhiana,1545368.0,30992000.0,50362.0,1847.0,11336366.0,81.7,1588455.0,0.0,0.0,284.95,1008.25,71.84,2.35,0.04,28.58,176.62,171.53333333333333,0.032258064516129,3320.0,0.0
189,punjab,patiala,329224.0,30992000.0,50362.0,1847.0,11336366.0,81.7,1588455.0,0.0,0.0,285.41,1007.68,69.11,2.68,0.04,25.3,189.31,139.2,0.032258064516129,3320.0,0.0
191,rajasthan,ajmer,517911.0,82188000.0,342239.0,16655.0,19236010.0,53.74,4939664.0,12169.0,0.0,287.99,996.77,51.56,2.28,0.01,11.62,252.69,111.7741935483871,0.0,4955.0,856.8
192,rajasthan,alwar,283228.0,82188000.0,342239.0,16655.0,19236010.0,53.74,4939664.0,12169.0,0.0,286.65,1004.95,62.64,1.91,0.02,16.32,224.08,123.6774193548387,0.0,4955.0,856.8
196,rajasthan,bharatpur,229384.0,82188000.0,342239.0,16655.0,19236010.0,53.74,4939664.0,12169.0,0.0,287.25,1010.78,68.27,2.14,0.01,15.59,231.31,239.71428571428572,0.0967741935483871,4955.0,856.8
197,rajasthan,bhilwara,326431.0,82188000.0,342239.0,16655.0,19236010.0,53.74,4939664.0,12169.0,0.0,288.4,996.71,56.29,2.16,0.01,11.39,230.08,179.06896551724137,0.064516129032258,4955.0,856.8
199,rajasthan,bikaner,576015.0,82188000.0,342239.0,16655.0,19236010.0,53.74,4939664.0,12169.0,0.0,287.73,1010.36,54.07,2.4,0.01,15.6,226.77,271.2903225806452,0.0,4955.0,856.8
206,rajasthan,hanumangarh,155687.0,82188000.0,342239.0,16655.0,19236010.0,53.74,4939664.0,12169.0,0.0,286.82,1012.65,60.03,2.13,0.01,20.15,204.69,312.2903225806452,0.0,4955.0,856.8
207,rajasthan,jaipur,2711758.0,82188000.0,342239.0,16655.0,19236010.0,53.74,4939664.0,12169.0,0.0,288.3,1014.04,61.94,1.98,0.0,19.86,170.69,231.83870967741936,0.0,4955.0,856.8
212,rajasthan,jodhpur,921476.0,82188000.0,342239.0,16655.0,19236010.0,53.74,4939664.0,12169.0,0.0,289.42,1007.51,45.77,2.82,0.01,10.81,256.38,160.25806451612902,0.0,4955.0,856.8
214,rajasthan,kota,763088.0,82188000.0,342239.0,16655.0,19236010.0,53.74,4939664.0,12169.0,0.0,288.94,1001.89,58.57,1.94,0.01,11.71,246.77,245.4516129032258,0.0,4955.0,856.8
216,rajasthan,pali,210103.0,82188000.0,342239.0,16655.0,19236010.0,53.74,4939664.0,12169.0,0.0,289.9,1009.34,46.61,2.53,0.0,9.89,259.46,201.27586206896552,0.064516129032258,4955.0,856.8
220,rajasthan,sikar,199932.0,82188000.0,342239.0,16655.0,19236010.0,53.74,4939664.0,12169.0,0.0,286.98,997.84,51.59,2.34,0.01,14.9,232.31,238.43333333333337,0.032258064516129,4955.0,856.8
223,rajasthan,tonk,151331.0,82188000.0,342239.0,16655.0,19236010.0,53.74,4939664.0,12169.0,0.0,288.41,1003.98,57.82,2.13,0.01,12.22,247.62,191.78571428571428,0.0967741935483871,4955.0,856.8
224,rajasthan,udaipur,422784.0,82188000.0,342239.0,16655.0,19236010.0,53.74,4939664.0,12169.0,0.0,288.2,989.22,54.18,2.12,0.01,11.27,238.46,146.74193548387098,0.0,4955.0,856.8
228,tamil nadu,chennai,4328063.0,77165000.0,130060.0,26419.0,32094588.0,37.12,9606547.0,28200.0,140.37,299.01,1014.56,76.84,2.97,0.01,32.5,29.54,103.90322580645162,0.0,12160.0,1013.49
229,tamil nadu,coimbatore,959823.0,77165000.0,130060.0,26419.0,32094588.0,37.12,9606547.0,28200.0,140.37,297.33,1001.13,66.3,2.33,0.02,35.43,54.77,99.1923076923077,0.1612903225806451,12160.0,1013.49
230,tamil nadu,cuddalore,158569.0,77165000.0,130060.0,26419.0,32094588.0,37.12,9606547.0,28200.0,140.37,298.47,1017.82,82.68,4.46,0.03,38.63,96.54,78.64285714285714,0.0967741935483871,12160.0,1013.49
234,tamil nadu,kanchipuram,155029.0,77165000.0,130060.0,26419.0,32094588.0,37.12,9606547.0,28200.0,140.37,298.13,1013.28,75.07,2.9,0.01,37.32,44.31,99.83333333333331,0.8064516129032258,12160.0,1013.49
244,tamil nadu,salem,778396.0,77165000.0,130060.0,26419.0,32094588.0,37.12,9606547.0,28200.0,140.37,296.87,1001.93,69.89,2.1,0.03,36.71,104.69,85.0952380952381,0.3225806451612903,12160.0,1013.49
246,tamil nadu,thoothukudi,410760.0,77165000.0,130060.0,26419.0,32094588.0,37.12,9606547.0,28200.0,140.37,298.12,1002.8,73.5,2.68,0.05,41.18,89.15,51.74193548387097,0.0,12160.0,1013.49
247,tamil nadu,tiruchirappalli,775484.0,77165000.0,130060.0,26419.0,32094588.0,37.12,9606547.0,28200.0,140.37,298.8,1012.71,72.95,3.15,0.01,32.62,29.69,69.8,0.6774193548387096,12160.0,1013.49
250,tamil nadu,vellore,177081.0,77165000.0,130060.0,26419.0,32094588.0,37.12,9606547.0,28200.0,140.37,295.66,1001.07,74.38,2.3,0.02,35.85,125.92,93.23076923076924,0.5806451612903226,12160.0,1013.49
254,uttar pradesh,agra,1430055.0,238875000.0,240928.0,14818.0,34924824.0,68.56,19939223.0,0.0,0.0,287.48,1013.13,69.28,2.23,0.01,15.15,229.46,121.25806451612904,0.0,16608.0,1469.0
256,uttar pradesh,bareilly,745435.0,238875000.0,240928.0,14818.0,34924824.0,68.56,19939223.0,0.0,0.0,287.04,1012.18,71.66,2.5,0.02,19.58,189.15,80.45161290322581,0.0,16608.0,1469.0
257,uttar pradesh,bulandshahr,198612.0,238875000.0,240928.0,14818.0,34924824.0,68.56,19939223.0,0.0,0.0,286.66,1010.83,71.45,2.52,0.02,18.76,212.92,229.74193548387095,0.0,16608.0,1469.0
258,uttar pradesh,firozabad,306409.0,238875000.0,240928.0,14818.0,34924824.0,68.56,19939223.0,0.0,0.0,287.37,1013.99,68.66,2.3,0.02,15.34,228.23,114.70967741935485,0.0,16608.0,1469.0
259,uttar pradesh,ghaziabad,1199191.0,238875000.0,240928.0,14818.0,34924824.0,68.56,19939223.0,0.0,0.0,286.22,1015.41,70.98,2.4,0.01,26.44,154.54,293.8709677419355,0.0,16608.0,1469.0
260,uttar pradesh,gorakhpur,674246.0,238875000.0,240928.0,14818.0,34924824.0,68.56,19939223.0,0.0,0.0,288.09,1017.35,70.98,2.46,0.02,15.84,211.0,130.82758620689654,0.064516129032258,16608.0,1469.0
262,uttar pradesh,hapur,242920.0,238875000.0,240928.0,14818.0,34924824.0,68.56,19939223.0,0.0,0.0,286.62,1014.62,71.19,2.56,0.01,23.47,172.92,209.1,0.032258064516129,16608.0,1469.0
263,uttar pradesh,jhansi,412927.0,238875000.0,240928.0,14818.0,34924824.0,68.56,19939223.0,0.0,0.0,288.38,1004.63,64.21,2.03,0.02,13.98,237.15,118.06451612903226,0.0,16608.0,1469.0
264,uttar pradesh,kanpur,2823249.0,238875000.0,240928.0,14818.0,34924824.0,68.56,19939223.0,0.0,0.0,287.51,1015.58,72.16,2.1,0.03,29.72,170.08,151.16129032258064,0.0,16608.0,1469.0
266,uttar pradesh,lucknow,2472011.0,238875000.0,240928.0,14818.0,34924824.0,68.56,19939223.0,0.0,0.0,286.76,1016.24,81.8,1.81,0.01,37.76,130.08,180.25806451612905,0.0,16608.0,1469.0
267,uttar pradesh,meerut,1223184.0,238875000.0,240928.0,14818.0,34924824.0,68.56,19939223.0,0.0,0.0,286.49,1009.86,69.33,2.6,0.03,20.57,208.54,214.5806451612903,0.0,16608.0,1469.0
268,uttar pradesh,moradabad,721139.0,238875000.0,240928.0,14818.0,34924824.0,68.56,19939223.0,0.0,0.0,286.77,1010.98,71.58,2.48,0.03,22.1,185.85,137.38709677419354,0.0,16608.0,1469.0
269,uttar pradesh,muzaffarnagar,349706.0,238875000.0,240928.0,14818.0,34924824.0,68.56,19939223.0,0.0,0.0,286.03,1008.14,71.06,2.54,0.03,22.57,203.38,276.7741935483871,0.0,16608.0,1469.0
270,uttar pradesh,noida,293908.0,238875000.0,240928.0,14818.0,34924824.0,68.56,19939223.0,0.0,0.0,286.24,1016.25,70.26,2.35,0.02,26.15,152.46,306.4193548387097,0.0,16608.0,1469.0
272,uttar pradesh,varanasi,1164404.0,238875000.0,240928.0,14818.0,34924824.0,68.56,19939223.0,0.0,0.0,287.77,1016.65,80.49,1.96,0.02,29.65,144.15,69.45161290322581,0.0,16608.0,1469.0
277,west bengal,asansol,504271.0,99723000.0,88752.0,16832.0,10915952.0,60.06,10188842.0,0.0,65.66,292.04,1013.82,60.61,2.44,0.05,21.89,186.69,223.7741935483871,0.0,11145.0,80.0
279,west bengal,durgapur,518872.0,99723000.0,88752.0,16832.0,10915952.0,60.06,10188842.0,0.0,65.66,291.09,1017.39,63.83,2.32,0.01,15.4,197.46,201.1034482758621,0.064516129032258,11145.0,80.0
280,west bengal,haldia,170695.0,99723000.0,88752.0,16832.0,10915952.0,60.06,10188842.0,0.0,65.66,293.1,1019.97,61.19,2.57,0.01,18.83,220.54,141.03333333333333,0.032258064516129,11145.0,80.0
282,west bengal,kolkata,4631392.0,99723000.0,88752.0,16832.0,10915952.0,60.06,10188842.0,0.0,65.66,291.82,1014.81,72.64,2.16,0.01,20.43,188.77,224.93548387096777,0.0,11145.0,80.0
